PREDICTIONS,LABEL,SIGMOIDED_PRED,PRIMARY_ID,decile,label_bins
-1.1311936,0,0.2439408865435706,416,4,3
1.371026,0,0.7975458750451953,132,8,8
2.5992231,1,0.9308115653306612,764,9,10
-1.0952542,1,0.25063017330231957,20,4,3
-4.976111,0,0.00685355295494793,174,0,1
1.0812982,0,0.7467395830779907,245,8,8
-2.5387135,0,0.07318839423430573,885,2,1
-1.4936237,1,0.18337844771391087,24,3,2
1.1454374,0,0.7586765455905787,279,8,8
0.4323647,0,0.6064381958901672,443,7,7
-3.9725375,1,0.01847774745622315,400,0,1
-0.97031045,0,0.27481862734450824,422,4,3
-1.1676176,0,0.23728589154850752,58,4,3
-0.37047482,1,0.40842629441872363,99,5,5
-0.28058195,1,0.4303111087634151,349,6,5
-1.2482438,0,0.22300429198004817,263,4,3
-0.7034123,1,0.33105611291129083,292,5,4
-2.1733332,0,0.10217086963159862,737,2,2
-1.951421,0,0.12439849280979788,676,2,2
-3.2369776,0,0.03779765956474674,726,1,1
-5.3107243,1,0.004914081333893813,126,0,1
-3.5604482,1,0.027640374591249548,505,1,1
0.8459327,1,0.6997132427098007,227,7,7
-1.1914444,1,0.23300070605732826,644,4,3
-2.2753057,0,0.09318888272159546,327,2,1
-2.9470243,1,0.04987733787925453,357,1,1
0.4319712,0,0.6063442725997442,91,7,7
-1.1535294,0,0.2398450132896267,237,4,3
0.5225158,0,0.6277358499393042,60,7,7
0.52059233,0,0.6272862628843241,774,7,7
-0.3191645,0,0.4208793755432284,97,5,5
-3.3252063,1,0.03471651617129828,778,1,1
-2.1427078,0,0.10501461809008385,598,2,2
-0.3792131,1,0.4063167030641826,540,5,5
0.47524667,0,0.6166248181485691,169,7,7
1.1990122,0,0.7683490056959247,567,8,8
-2.5781107,1,0.07056053433592192,210,2,1
-1.4222822,1,0.19430405296361594,441,3,2
-0.5834091,0,0.3581485442956403,113,5,4
0.35177994,1,0.5870491425338021,609,6,6
1.8199555,0,0.8605607834871115,264,8,9
0.8030952,0,0.6906361894020847,87,7,7
-0.9176233,1,0.2854424144874266,890,4,3
-1.618499,1,0.16541197486877857,572,3,2
0.17889869,1,0.5446057700954243,371,6,6
-1.6075053,0,0.16693525501401302,729,3,2
3.1582525,1,0.9592326637523642,134,9,10
-3.4677052,0,0.030245215018663795,874,1,1
0.6151384,0,0.6491120502780288,139,7,7
-0.038354397,0,0.49041257607229305,247,6,5
-3.1427627,0,0.04137739855057253,274,1,1
2.8519359,0,0.9454186638056528,637,9,10
0.573694,0,0.639615106566279,683,7,7
0.109770894,1,0.5274152004106387,187,6,6
-2.2300396,0,0.09708516991114784,879,2,1
-1.3926926,0,0.19897825192394844,439,4,2
-1.2161152,0,0.22862081927871705,776,4,3
-1.5375729,0,0.17688838645626548,156,3,2
-2.7557735,1,0.05976140904314655,678,1,1
-0.14354968,0,0.4641740793060557,492,6,5
-1.2900505,0,0.21584426218053898,321,4,3
-2.103311,0,0.10877541980057448,466,2,2
-2.9032583,1,0.051992727349085395,582,1,1
-1.9891658,0,0.12034514654978302,700,2,2
-0.4290223,1,0.3943598185457236,731,5,4
-0.6456404,0,0.34397264063969823,81,5,4
3.6470363,0,0.9745940174956219,815,9,10
0.09013188,0,0.5225177277337556,594,6,6
-1.177906,0,0.23542890532547445,878,4,3
0.27748585,0,0.5689297384842448,314,6,6
-1.4057333,1,0.19690789187111865,280,3,2
2.5295782,0,0.9261895238922947,442,9,10
-2.652784,0,0.06581761963585936,736,1,1
-0.3564675,0,0.4118149562683164,71,5,5
2.0169406,0,0.8825642892345369,412,9,9
-1.8655245,0,0.13406042148756814,483,3,2
1.1029814,0,0.7508183222603608,739,8,8
-0.84257174,0,0.30099342341060753,891,4,4
1.4284341,1,0.8066572183790972,26,8,9
2.0911815,1,0.8900431096845832,551,9,9
-0.9384575,1,0.2812120278914355,40,4,3
-0.8229182,0,0.3051445633384858,15,5,4
-1.7018335,0,0.15422595288149213,794,3,2
0.9250915,1,0.7160783980869136,284,7,8
-0.08095741,1,0.47977169381304574,376,6,5
-0.122750044,0,0.46935096325579834,825,6,5
-2.1716692,0,0.10232360568165466,493,2,2
-1.6361806,0,0.16298543384297437,758,3,2
3.0769424,0,0.9559315601396225,788,9,10
-0.8830888,0,0.2925381071907108,542,4,3
-3.891424,0,0.020007770084229378,383,0,1
1.986444,0,0.8793664212943245,545,8,9
-1.5683789,0,0.1724476115562022,498,3,2
-0.0583961,0,0.4854051220198731,460,6,5
3.1356921,0,0.9583412350200375,641,9,10
-2.7898095,0,0.057877343786986925,837,1,1
1.8545371,1,0.8646589343992241,497,8,9
2.067953,1,0.887749149439167,856,9,9
0.3284639,0,0.5813855760995744,364,6,6
1.0961294,0,0.7495341727328962,656,8,8
-1.8987398,0,0.13025116895097846,95,2,2
-0.72519684,0,0.32624963186237504,767,5,4
2.4436257,1,0.9200940583489385,82,9,10
1.1161551,1,0.7532748395427532,54,8,8
-2.0776076,1,0.11129236724310092,692,2,2
-2.5240517,0,0.07418917533083444,251,2,1
-0.23038721,0,0.4426566138214312,750,6,5
-0.9460385,1,0.2796822121627989,586,4,3
-6.474323,0,0.0015401674255589256,21,0,1
-1.4835188,0,0.18489650770087535,151,3,2
-2.6941762,0,0.06331788124386371,706,1,1
1.9484328,1,0.8752756543781167,592,8,9
-1.9693882,0,0.12245461034952439,689,2,2
-3.0896602,1,0.043535783520025115,157,1,1
-2.147428,0,0.1045718081526349,250,2,2
-1.7004576,1,0.15440551287661003,830,3,2
-2.2855973,1,0.09232282956651569,631,2,1
1.3945248,0,0.8013136213281152,826,8,9
1.4518034,0,0.8102758308886006,684,8,9
-5.192148,0,0.005529306609237542,353,0,1
-4.106352,0,0.0162009487855849,640,0,1
-2.1433692,1,0.10495247414810815,369,2,2
4.2805758,0,0.9863540925238025,703,9,10
-0.21444273,0,0.4465938208021666,261,6,5
4.157465,0,0.9845938885334924,220,9,10
-1.9923315,1,0.12001041887270898,268,2,2
-5.262391,0,0.0051561732000610806,373,0,1
-1.680826,1,0.15698613063499062,37,3,2
-0.8161645,0,0.3065784374575312,659,5,4
1.7014565,1,0.8457248725695881,473,8,9
-0.73792934,0,0.3234571050256138,176,5,4
0.06803143,0,0.5170013008415189,73,6,6
-6.0471134,0,0.002359099489216703,294,0,1
-0.11939955,0,0.47018552491504545,215,6,5
-4.394355,1,0.012196258393772719,752,0,1
-4.658413,0,0.009392443797460901,282,0,1
-1.1844735,1,0.23424879997714254,803,4,3
1.7066734,1,0.8464043088157593,317,8,9
-0.67943096,1,0.3363883178997677,636,5,4
2.0239549,1,0.8832893321104752,137,9,9
2.337009,0,0.9118960754788155,375,9,10
1.9545783,1,0.8759449991877657,633,8,9
-1.7426455,0,0.14897721826067795,46,3,2
1.6029208,0,0.8324262073393306,790,8,9
-4.1185083,0,0.01600832812360547,589,0,1
-1.202204,1,0.23108337116823618,341,4,3
0.32131684,0,0.5796451421591133,753,6,6
0.88313234,0,0.7074708978264032,849,7,8
-1.9927111,0,0.11997033986120256,352,2,2
-3.3112512,1,0.03518721864794932,326,1,1
-0.6663921,0,0.33930518280219824,14,5,4
-5.379512,0,0.004588916629404859,127,0,1
0.57917213,0,0.6408768922327117,851,7,7
-1.1493232,1,0.2406127204744583,798,4,3
-0.3811543,1,0.4058485244299001,273,5,5
-1.939506,1,0.12570213169957462,444,2,2
-2.1121655,0,0.10792001460540752,186,2,2
-1.9293556,0,0.12682192024677602,402,2,2
-5.117743,1,0.005953865090358054,269,0,1
-4.4233565,1,0.01185175782367606,142,0,1
-3.6097126,0,0.026346691144464172,172,1,1
-0.17378163,1,0.45666360027502534,256,6,5
-2.0097156,1,0.11818661881440812,487,2,2
-3.4762836,0,0.02999462102893312,591,1,1
0.11732352,0,0.5292972812031711,515,6,6
-3.3753958,0,0.03307331937789874,19,1,1
-1.015521,1,0.2659007634887905,445,4,3
1.4553474,0,0.8108200429956174,773,8,9
5.2834616,0,0.9949507904395601,834,9,10
-1.2020228,1,0.23111556871604813,456,4,3
-4.4940033,1,0.011052295644624685,698,0,1
2.2723444,0,0.9065605635886251,660,9,10
-5.02774,1,0.006510934887518034,446,0,1
-0.72346807,0,0.3266297489637949,181,5,4
-1.2387972,0,0.22464542199575507,765,4,3
-3.423676,0,0.03156366847920102,164,1,1
2.9191,0,0.9487825842116843,101,9,10
-4.273027,0,0.013747886075736645,845,0,1
-0.09714627,1,0.47573251399485844,212,6,5
-0.63188815,0,0.3470825286232162,604,5,4
1.6952584,0,0.8449144368306938,871,8,9
0.09682524,0,0.5241874167862736,267,6,6
-1.5411923,0,0.17636201727981307,68,3,2
-4.504891,0,0.0109339236964019,606,0,1
0.011841774,0,0.5029604089025292,96,6,6
-4.5565443,0,0.010389206431868418,192,0,1
-2.6454678,0,0.0662689018501244,123,1,1
-4.3979497,0,0.012153024958821456,362,0,1
0.9356165,1,0.7182133596712991,531,7,8
4.3975897,1,0.9878426522188674,447,9,10
-2.032001,1,0.11588375067125126,208,2,2
2.2494385,1,0.9046020923515238,755,9,10
-3.6344843,0,0.02571863550610274,403,0,1
-3.8034706,0,0.02180711436538866,501,0,1
-0.40423894,0,0.40029431656879755,378,5,5
1.7770121,1,0.8553275297508174,756,8,9
-0.9559965,1,0.27768047517546823,367,4,3
-0.3109002,0,0.4228950227147555,873,6,5
-3.1694832,0,0.040330413419817225,218,1,1
0.45485318,1,0.6117924987705815,870,7,7
-4.7290134,0,0.008757806330417393,411,0,1
-1.5571461,1,0.17405654854893796,511,3,2
-0.046146154,1,0.488465508186954,619,6,5
3.1487246,0,0.958858436326646,455,9,10
-2.1159148,0,0.1075595806625744,732,2,2
2.8795564,1,0.9468265354005901,616,9,10
-0.31804895,0,0.42115130615897045,318,6,5
-4.507083,0,0.010910243765359014,226,0,1
2.8462636,1,0.9451252242892855,319,9,10
0.87226856,0,0.7052175182838112,620,7,8
0.6236123,1,0.6510396598693633,797,7,7
0.17746246,1,0.5442495465928572,217,6,6
-3.9312701,0,0.01924124947771051,663,0,1
-4.372269,0,0.012465222419808032,882,0,1
-2.6924372,1,0.0634210989676364,415,1,1
-1.7167714,1,0.1522874999219984,570,3,2
-1.6266396,1,0.16429122188955947,328,3,2
-0.54736567,0,0.3664758104329318,5,5,4
0.31685948,1,0.5785586941792945,377,6,6
0.99288464,1,0.7296573152862385,642,7,8
-1.5202806,0,0.1794202034073119,486,3,2
-1.0645373,1,0.2564433285292961,766,4,3
0.41727126,0,0.6028301014687424,154,7,7
-0.7986994,0,0.3103038030433447,150,5,4
0.86378205,0,0.7034502264830321,842,7,8
-0.6501634,0,0.3429527137294323,491,5,4
-3.9445672,0,0.018991917521014135,596,0,1
-1.6107228,0,0.1664882892281319,593,3,2
-3.1524,0,0.0409968149410705,889,1,1
-1.401329,0,0.19760529747857278,13,4,2
0.33699858,1,0.5834612588601148,290,6,6
2.3979495,1,0.9166708056570558,573,9,10
-0.56903005,0,0.36146066667802623,612,5,4
-4.173551,0,0.01516399775366091,518,0,1
-1.8796585,1,0.13242810838475677,863,3,2
2.4836228,0,0.9229857118605325,818,9,10
-1.7380698,0,0.1495582752594355,198,3,2
-2.5975785,0,0.06929442500748942,63,2,1
-2.3771553,0,0.08493138907037374,363,2,1
0.047941208,0,0.5119830069546105,88,6,6
-2.4165025,1,0.0819229253634494,680,2,1
-1.492481,0,0.1835496358920872,277,3,2
2.8858776,1,0.9471438850179301,670,9,10
-1.1036959,1,0.2490480404950499,195,4,3
1.2149613,0,0.7711756147778053,792,8,8
-1.9448254,0,0.12511869151130162,502,2,2
-0.73395705,0,0.32432698090763695,719,5,4
1.9991006,0,0.8807026108191645,705,9,9
-2.9477715,0,0.04984194010406458,265,1,1
0.59003305,1,0.6433727298616442,438,7,7
-0.37108994,0,0.4082776810491257,141,5,5
-1.641449,1,0.1622679967803702,650,3,2
-0.84593105,1,0.3002871079569213,324,4,4
-0.98548675,1,0.271804450992438,547,4,3
1.770198,0,0.8544822910200599,145,8,9
2.2715044,0,0.9064893884898207,297,9,10
-3.8094573,0,0.021679773822537354,838,0,1
-0.7052226,0,0.33065532752944166,131,5,4
2.2488542,1,0.9045516514864534,858,9,10
-1.7565641,0,0.14722117938917345,336,3,2
1.7796575,0,0.8556545668590045,626,8,9
0.8766656,1,0.7061307736714901,628,7,8
-0.8541744,0,0.2985579207976203,746,4,3
-3.126933,0,0.04200986141530103,543,1,1
-4.64119,0,0.009554050907037424,358,0,1
-1.0873284,1,0.25212168543760793,152,4,3
-1.07738,0,0.2540021584647003,223,4,3
-1.9784932,0,0.1214795538591565,350,2,2
-0.93526125,0,0.28185854115890036,603,4,3
0.7255137,0,0.673820013180389,479,7,7
-1.8477874,0,0.13613289327866165,313,3,2
-1.1193917,0,0.24612413814187017,699,4,3
-4.822162,0,0.007985089471967069,42,0,1
-0.47682858,0,0.3830012901621064,681,5,4
-0.48162222,0,0.3818691350564736,41,5,4
0.88250256,1,0.7073405436040174,571,7,8
-1.6419497,1,0.16219994743813967,418,3,2
-4.340469,0,0.012862809254431978,404,0,1
2.4580004,1,0.9211445411539047,578,9,10
0.8659475,1,0.7039017548219103,780,7,8
-4.5997596,1,0.009954170960177993,124,0,1
-0.07581067,1,0.48105640422862755,857,6,5
-0.836113,1,0.3023540671580723,538,5,4
-5.249605,0,0.0052221763514818794,309,0,1
-0.93622446,0,0.28166361443508126,112,4,3
1.9978817,1,0.8805744854398172,850,9,9
-3.7327456,1,0.02336792480906338,248,0,1
0.12411177,1,0.5309881753090165,789,6,6
-1.0566006,1,0.25795962582836623,728,4,3
-1.8354671,0,0.137588273170928,685,3,2
-1.6495275,0,0.16117281280192128,579,3,2
-0.9683163,1,0.27521622319369227,395,4,3
1.9708148,1,0.8776986063841626,184,8,9
-2.5915804,1,0.06968226173591549,370,2,1
-4.066527,1,0.016848081026827423,708,0,1
-0.14501071,0,0.463810716352723,777,6,5
0.033848405,0,0.508461293384291,862,6,6
-3.3541517,0,0.033759473351876144,136,1,1
0.53030217,0,0.6295535848507533,868,7,7
3.2019873,0,0.9609089931090838,201,9,10
-4.547341,1,0.010484257066011074,221,0,1
1.788574,0,0.8567523533419198,852,8,9
-3.0965605,1,0.043249355011608925,743,1,1
0.3924693,0,0.5968769882583176,295,7,6
3.5449176,0,0.9719391431896002,639,9,10
0.9011681,0,0.7111894900122167,271,7,8
1.6690221,0,0.8414453959155404,207,8,9
-1.5270395,1,0.1784272511818029,272,3,2
-0.8180704,1,0.30617341138070403,193,5,4
2.2173474,0,0.9017965314315117,333,9,10
1.0870364,1,0.747823240290321,646,8,8
-0.26516175,1,0.43409526106808627,173,6,5
-1.3313513,0,0.20893593546545577,398,4,3
0.3830613,1,0.5946112361113962,59,6,6
1.5761812,0,0.8286629988708083,877,8,9
-1.4899514,0,0.1839290263062744,716,3,2
-2.0360374,0,0.11547084053237784,426,2,2
-7.3864183,1,0.0006192275387640097,329,0,1
-2.9165869,1,0.051339679098276934,308,1,1
1.6760738,0,0.8423839359266744,100,8,9
0.37364936,1,0.5923404969659496,258,6,6
0.40718067,0,0.6004116633914447,576,7,7
1.315017,0,0.7883514680174204,523,8,8
0.87838495,0,0.706487430836146,800,7,8
-0.5417576,1,0.36777881832372306,83,5,4
-0.035338163,0,0.4911663784119973,296,6,5
4.3293533,1,0.9869952856958439,574,9,10
-0.4356377,0,0.3927809045142982,160,5,4
-1.0985451,0,0.2500126028752469,516,4,3
-2.0329828,0,0.11578319777953823,235,2,2
-2.72133,0,0.061726396944547374,673,1,1
-2.0113084,1,0.11802071268970091,2,2,2
-0.88400674,0,0.2923481728045121,214,4,3
-2.6139686,0,0.06824481702809536,759,1,1
-0.6409867,0,0.3450235328783735,334,5,4
0.4699911,0,0.6153816470176637,114,7,7
0.68467987,0,0.6647823933079088,239,7,7
-3.5201485,1,0.02874434935839038,162,1,1
1.2760968,1,0.7817846365350342,301,8,8
2.5948193,1,0.9305274139232282,62,9,10
0.61549115,0,0.6491923881536404,546,7,7
-1.1904895,0,0.23317139505217913,27,4,3
-2.6893303,1,0.06360589178664461,665,1,1
0.8124094,1,0.6926226952488077,822,7,7
3.5012665,0,0.970723782946708,253,9,10
0.42307246,0,0.604218227651653,175,7,7
-1.859112,1,0.13480658632405457,299,3,2
3.9826868,0,0.9817054256652441,355,9,10
1.8967522,1,0.8695235013314923,534,8,9
-1.74261,1,0.14898172220306344,316,3,2
-3.3024294,1,0.03548793924916716,53,1,1
2.23928,1,0.9037218289764876,748,9,10
-1.7337437,1,0.1501093497502602,44,3,2
-2.8825533,0,0.053022783336622865,155,1,1
-5.2144136,0,0.005408213116790903,35,0,1
-0.05174303,0,0.48706712771022326,569,6,5
-1.8742957,0,0.133045454910774,489,3,2
-2.3678434,1,0.08565789564494225,718,2,1
-0.28252053,0,0.4298359425408333,6,6,5
-5.9083166,0,0.0027093956267384535,163,0,1
-0.711627,1,0.3292394309467555,234,5,4
-0.3857677,0,0.4047365550004796,50,5,5
-2.8613493,0,0.054097611546856654,618,1,1
0.22491515,1,0.5559929433835703,510,6,6
1.9499785,0,0.8754442942537853,130,8,9
0.06916916,0,0.5172853998251371,337,6,6
1.3993092,0,0.8020742395321258,158,8,9
-1.9896114,1,0.12029798187903491,577,2,2
-0.9169922,1,0.2855711530253478,107,4,3
-0.75029826,0,0.32075631457937,769,5,4
-1.5523403,0,0.17474851757762339,835,3,2
-1.7278109,1,0.15086780902603536,610,3,2
-0.95876145,1,0.27712624100847794,524,4,3
2.8191416,0,0.9437014792611272,233,9,10
-4.573533,1,0.010215985445412147,392,0,1
-0.77053213,0,0.3163640068431676,621,5,4
2.5808136,0,0.9296165243071539,467,9,10
-1.059535,1,0.2573983217542281,108,4,3
-1.2192452,1,0.22806930944124953,10,4,3
-1.6470528,0,0.1615076747732492,624,3,2
-0.59400916,0,0.3557154962623293,724,5,4
2.467642,1,0.9218420465046875,721,9,10
-0.8105943,1,0.30776386410726303,260,5,4
2.3410656,1,0.9122214525776554,836,9,10
-0.36107826,0,0.4106985741201046,393,5,5
-2.941642,1,0.050133021663606746,707,1,1
-1.9064558,0,0.12937955345498262,379,2,2
-4.119934,0,0.01598588522096302,632,0,1
-1.3559992,1,0.2048913014534887,832,4,3
-1.7053173,0,0.15377207574993712,629,3,2
1.202121,0,0.7689018861335009,303,8,8
0.44809973,0,0.6101873334273954,669,7,7
0.70225716,0,0.6686880226723532,246,7,7
1.786443,1,0.856490623420866,541,8,9
1.9202409,1,0.8721652924163209,128,8,9
-1.8825059,1,0.13210130648509408,147,2,2
-0.57686853,1,0.3596534617831995,875,5,4
-2.844982,0,0.05494128912760459,795,1,1
-1.3960009,0,0.19845148120743172,549,4,2
1.7206401,1,0.8482112621661652,339,8,9
2.8950455,1,0.9476009750972969,242,9,10
0.07894957,0,0.5197271470622362,615,6,6
0.8338926,1,0.6971773665593459,652,7,7
-1.3151548,1,0.21162553950258473,821,4,3
-0.9598782,0,0.2769025806754926,421,4,3
3.6282563,0,0.9741248472637823,625,9,10
0.15149939,0,0.5378025713701123,847,6,6
-0.2167294,0,0.44602874400216025,735,6,5
-1.951287,0,0.12441308834036316,105,2,2
-1.4793828,1,0.18552066885229115,262,3,2
-0.5554161,0,0.36460874602695537,740,5,4
2.5459785,0,0.9273028848165664,506,9,10
-3.675463,0,0.02471153955291968,424,0,1
0.8283044,0,0.6959962869107368,117,7,7
1.3266414,1,0.790284546981091,67,8,8
1.5672398,0,0.8273897583340675,64,8,9
-2.9604232,0,0.0492461861990025,801,1,1
2.674195,1,0.9354866714340124,75,9,10
-0.20904255,1,0.4479288452835001,751,6,5
-2.9861705,1,0.048054567312267864,401,1,1
-3.9190223,0,0.019473744095736788,190,0,1
0.9763671,0,0.7263867783079888,345,7,8
-3.043989,0,0.04547769856256097,241,1,1
-0.3544855,0,0.4122951204263384,529,5,5
0.26007164,0,0.5646539012517257,266,6,6
-2.319682,1,0.08950598079675183,382,2,1
0.7695329,0,0.6834198460612864,568,7,7
-3.2680986,0,0.0366819579874682,813,1,1
-1.9140391,0,0.12852775599171293,102,2,2
-2.3145485,0,0.08992520718940902,539,2,1
1.3564813,0,0.7951872238245399,229,8,8
0.6941122,1,0.6668810768553649,559,7,7
-2.1223536,0,0.10694308334004508,213,2,2
-1.0399945,0,0.26115105934723076,121,4,3
1.0012909,0,0.7313123126765911,565,7,8
2.2340345,1,0.9032644619999212,12,9,10
0.9979501,0,0.7306553484674804,535,7,8
-1.50964,0,0.18099215446159703,168,3,2
-3.159864,1,0.04070436570065129,854,1,1
1.7276797,0,0.8491153915435835,165,8,9
-0.5428493,1,0.36752501122431147,310,5,4
3.6179154,0,0.9738629157533405,677,9,10
-3.1499047,1,0.04109503234926589,701,1,1
-5.0686574,1,0.006251533071007552,555,0,1
0.0456537,1,0.5114114432410487,508,6,6
1.0310104,0,0.7371117339837918,425,8,8
-3.818616,0,0.021486370467171983,532,0,1
-1.7303998,1,0.15053644207327613,304,3,2
-1.8652797,1,0.1340888489191396,600,3,2
1.2516553,1,0.7775862769489188,872,8,8
-3.7753205,0,0.02241575242539718,305,0,1
0.7252749,0,0.67376753119101,109,7,7
-0.8060951,0,0.30872322488019716,722,5,4
-0.81544566,1,0.3067312738328378,760,5,4
-3.6480236,0,0.02538154810995733,635,0,1
-0.6131532,0,0.3513402419672632,179,5,4
-4.0821567,0,0.016591131652601454,712,0,1
-0.037685394,0,0.4905797662778153,841,6,5
-1.361177,1,0.20404908079392753,225,4,3
-3.0294023,1,0.04611511377215023,867,1,1
0.8556191,0,0.7017445412246287,211,7,8
-4.057361,0,0.01700057904826242,103,0,1
1.262816,0,0.7795104773858974,509,8,8
0.59233236,0,0.6439001189727412,465,7,7
-2.690714,1,0.06352353744867358,384,1,1
-0.99675846,0,0.26957922376595017,315,4,3
-2.6667705,1,0.06496286426569393,98,1,1
-2.878528,0,0.05322525919973629,869,1,1
-1.590539,1,0.1693080799372773,259,3,2
-1.40976,0,0.19627191369065597,76,3,2
2.029589,1,0.8838688912385868,507,9,9
2.409015,1,0.9175121596634073,548,9,10
2.1654584,0,0.8971044996464701,533,9,9
0.1420027,1,0.5354411402499879,394,6,6
1.251591,1,0.7775751437033814,597,8,8
-1.0277591,0,0.26351878478246193,133,4,3
-2.439814,0,0.08018662316233684,688,2,1
-1.8306277,1,0.1381635156236723,270,3,2
3.4602313,0,0.9695347995252959,351,9,10
-3.8862004,0,0.020110447098510807,111,0,1
-1.8200991,0,0.13942198032824996,864,3,2
-0.6635077,1,0.33995209615083993,57,5,4
-0.106472015,0,0.47340711346582265,587,6,5
-2.4668689,0,0.07821367956186216,679,2,1
-1.5597348,1,0.173684701726172,417,3,2
-5.263232,1,0.005151860290784912,536,0,1
1.8820858,1,0.8678505221150873,490,8,9
-2.721983,0,0.06168858680691107,808,1,1
-0.19562602,0,0.4512488694285904,170,6,5
1.3468417,0,0.7936128039690192,647,8,8
-4.43337,0,0.011735057264439656,414,0,1
-1.1933835,0,0.23265435370225732,793,4,3
-0.20543337,0,0.4488215212409597,437,6,5
-1.864347,1,0.13419718001780806,645,3,2
1.5779696,0,0.8289167646533254,476,8,9
-1.4303195,0,0.19304889989047957,771,3,2
-1.7104392,0,0.1531067575152722,666,3,2
-0.32301307,1,0.4199416162940081,514,5,5
-0.6414354,0,0.3449221408241045,286,5,4
-4.8900995,1,0.007464535600911553,671,0,1
0.4291712,1,0.6056757423789617,605,7,7
-3.0301273,0,0.04608323123647762,278,1,1
-0.63741636,0,0.3458308074025916,807,5,4
1.339139,0,0.7923483121270777,747,8,8
-1.5805993,1,0.17071062213823518,18,3,2
-4.588582,0,0.010064932111951204,697,0,1
-3.7990458,1,0.021901702478272448,601,0,1
-5.351218,0,0.004719986289423345,51,0,1
-1.0586102,0,0.2575751366838342,1,4,3
0.039379478,1,0.5098435973337634,727,6,6
1.2488849,1,0.777106775164672,484,8,8
1.0689311,0,0.7443935879868676,344,8,8
-0.7948892,0,0.3111198261584968,429,5,4
0.8718661,1,0.7051338476296436,580,7,8
4.861678,0,0.9923219205227373,779,9,10
-3.0483415,1,0.045289129143440264,23,1,1
-1.7792349,0,0.14439763586098142,553,3,2
-0.85678434,0,0.29801162594736696,453,4,3
1.5994862,1,0.8319465666934173,544,8,9
-2.600804,0,0.06908668837180824,723,2,1
-4.08574,1,0.016532766035616955,763,0,1
1.6186936,1,0.8346148811158441,390,8,9
0.7848302,1,0.6867202004919571,287,7,7
2.4262547,1,0.9188075741575052,661,9,10
0.43002462,0,0.6058795483694214,481,7,7
-1.2004299,0,0.23139874559593485,634,4,3
-2.4286597,1,0.08101319828393638,691,2,1
-2.613105,1,0.06829974859144652,485,2,1
-0.49065757,0,0.3797386736843441,734,5,4
4.354973,0,0.9873200574215797,537,9,10
-1.6297917,0,0.16385889321819555,796,3,2
-0.33642983,0,0.4166769728068174,84,5,5
-1.7257442,0,0.15113274699205761,503,3,2
-1.3430598,1,0.2070073294636404,709,4,3
-0.15653586,1,0.46094574856017484,454,6,5
-2.190018,1,0.10065046974999349,880,2,2
1.80395,0,0.858629080294094,202,8,9
1.1228895,0,0.7545242990655001,159,8,8
3.0711904,0,0.9556886088814367,686,9,10
-1.7784946,0,0.14448912047947893,285,3,2
-0.7465956,1,0.3215635499911343,554,5,4
-3.1212718,0,0.04223829023366834,657,1,1
-0.3985257,0,0.40166660421037015,638,5,5
0.011698246,0,0.5029245281490725,387,6,6
0.7788496,0,0.6854321238308877,814,7,7
-0.10114694,0,0.4747348022845434,833,6,5
0.7538084,1,0.6800079590586032,613,7,7
-0.7202678,0,0.32733402028929137,664,5,4
-1.15853,1,0.23893449499052466,843,4,3
0.2689327,1,0.5668308656707516,216,6,6
-6.0970354,0,0.0022444777601375804,397,0,1
-4.0637083,0,0.01689483232378879,149,0,1
2.0809388,0,0.8890366817575959,161,9,9
0.48274255,0,0.6183952780685888,115,7,7
-1.5529625,0,0.17465879690682481,61,3,2
0.70094883,1,0.6683981073919687,4,7,7
-2.4684093,0,0.07810269293688739,39,2,1
-3.234647,1,0.03788251038577508,738,1,1
4.3142796,1,0.986800377757488,480,9,10
1.2236658,1,0.7727080245431598,257,8,8
-1.3462915,1,0.20647732063483165,828,4,3
2.5505273,0,0.9276089334331915,293,9,10
-3.2063758,0,0.03892649247760956,530,1,1
-6.122225,1,0.0021887690394271626,711,0,1
-2.3309782,1,0.08858965372645837,69,2,1
-2.309511,1,0.09033832577294933,312,2,1
0.4470477,1,0.6099370718054394,450,7,7
2.9021327,0,0.9479517656997513,93,9,10
-1.6772425,0,0.15746095037319524,406,3,2
-4.128232,1,0.015855879033114098,89,0,1
-1.2439272,0,0.2237531325667213,643,4,3
-2.8703182,0,0.053640498165906776,522,1,1
-0.82856774,0,0.3039479984645523,281,5,4
2.2397165,0,0.9037598054385169,372,9,10
-1.8384106,0,0.13723937468482872,552,3,2
2.218509,1,0.9018993520161395,191,9,10
-2.9418252,1,0.050124302953998,342,1,1
-0.71574473,0,0.3283307088923839,463,5,4
-0.16508532,1,0.458822147511909,831,6,5
-1.8821626,0,0.1321406736001013,504,2,2
2.501627,0,0.9242557978318546,627,9,10
-1.8513036,0,0.13571991472736103,607,3,2
-3.9532502,0,0.018830817087553364,244,0,1
0.57723796,0,0.6404316144915566,846,7,7
1.0454667,0,0.7399034240154714,575,8,8
-3.012644,0,0.046857914755426576,90,1,1
0.026290417,1,0.5065722256312082,433,6,6
0.785246,0,0.6868096473454739,49,7,7
0.6945828,0,0.6669856212676347,409,7,7
-0.092858076,0,0.47680214744116645,563,6,5
-2.3563664,0,0.08656106592634817,374,2,1
-1.8217814,0,0.1392202567323536,464,3,2
0.35366237,1,0.5875054118626707,725,6,6
2.5759764,0,0.9292993646706181,419,9,10
-3.2210624,0,0.03838075474943466,482,1,1
-2.4294784,1,0.08095226473679895,320,2,1
0.33992636,0,0.5841726352830618,47,6,6
0.93045485,0,0.717167555624911,819,7,8
-2.536102,0,0.07336572779814719,884,2,1
-4.322876,1,0.013088117800450027,359,0,1
-0.6175201,1,0.3503456772481262,581,5,4
-2.5669725,0,0.07129450008614208,583,2,1
0.7124846,0,0.6709499325561996,255,7,7
1.3254786,0,0.7900917510446536,556,8,8
-0.53264165,0,0.36990097631563496,92,5,4
-1.4053912,1,0.19696200037309203,829,3,2
-2.3596117,0,0.08630480555961755,356,2,1
-1.0998714,0,0.24976399150556072,457,4,3
2.2649739,1,0.9059343482586836,302,9,10
4.7619042,0,0.9915231572454017,177,9,10
-1.3575649,0,0.20463635062401334,744,4,3
-0.39379954,0,0.40280297357463923,153,5,5
1.3962258,0,0.8015842984930218,696,8,9
0.6209754,0,0.6504403499138114,230,7,7
-5.002372,0,0.006677101577517734,243,0,1
-4.2195473,0,0.014492188516303328,827,0,1
-1.7199662,0,0.1518755208169751,472,3,2
-1.1637647,0,0.23798388994485384,495,4,3
1.0894976,0,0.7482870982442608,730,8,8
-1.0154109,0,0.2659222649327253,34,4,3
-0.4051361,1,0.4000789625274871,557,5,5
0.41850352,1,0.6031251006355146,802,7,7
2.800982,0,0.942728866383605,770,9,10
1.3738126,0,0.7979954310571549,228,8,8
-1.6204681,0,0.165140318130414,762,3,2
-5.6514854,1,0.003500002539230265,741,0,1
1.0257488,0,0.7360908918509401,340,8,8
-2.7729094,1,0.05880577797966324,388,1,1
0.1136992,0,0.5283942171594471,655,6,6
-0.78618217,1,0.312989019877192,839,5,4
1.9878316,1,0.8795135415749069,427,8,9
-0.7477174,1,0.32131887547154775,550,5,4
0.759601,0,0.6812670996451952,236,7,7
-2.696668,0,0.06317026164212668,820,1,1
-1.8288143,0,0.13837958817882215,298,3,2
-1.9041474,0,0.1296397917478146,494,2,2
1.3889743,0,0.8004284469345702,714,8,9
-3.3311427,0,0.03451812888849507,658,1,1
1.9215391,0,0.8723099614984849,844,8,9
1.9755783,0,0.8782090174037048,675,8,9
-2.5445092,0,0.07279623117683946,496,2,1
-3.169452,0,0.04033162226875049,106,1,1
-3.632035,0,0.025780078769582288,617,0,1
-2.4837277,0,0.07700683155770173,30,2,1
-1.2211282,0,0.2277379648185039,343,4,3
1.0099609,0,0.7330124952431816,200,8,8
-0.09922767,1,0.47521341760871744,323,6,5
-2.1321366,0,0.10601232921354864,55,2,2
0.8854027,0,0.707940536692392,720,7,8
-2.3828642,1,0.08448875202421009,79,2,1
0.63332534,1,0.6532430897275081,85,7,7
-1.8029957,1,0.14148679363494807,527,3,2
-2.1876323,0,0.10086662144890504,423,2,2
-2.3381212,0,0.08801460767366767,434,2,1
-2.9836524,1,0.04816989333035531,188,1,1
-0.53708696,1,0.3688654885805355,458,5,4
-0.19024515,1,0.4525816444945184,347,6,5
-4.9171486,0,0.007266780720687523,365,0,1
-0.42439008,1,0.395466721839563,249,5,4
-3.3634512,0,0.03345743699397057,70,1,1
-1.989649,1,0.12029399544207783,346,2,2
-1.3616972,1,0.20396460176689882,110,4,3
0.011069775,0,0.5027674153970763,694,6,6
-1.1785667,0,0.23531000628232046,561,4,3
-2.348632,0,0.0871745620668922,499,2,1
0.4402423,0,0.608316762207214,733,7,7
0.51171744,0,0.6252089958125963,749,7,7
-1.9063213,1,0.12939470075938886,775,2,2
-1.8092365,0,0.14073042373094286,475,3,2
0.28815544,0,0.5715444934001169,715,6,6
-2.9384248,1,0.05028644665813853,33,1,1
-0.0121695995,0,0.4969576376642441,488,6,5
-2.762718,1,0.05937239317912575,449,1,1
-0.31090403,0,0.4228940917197653,180,6,5
0.77618504,1,0.6848573199491836,338,7,7
-0.40073872,0,0.4011348683464772,52,5,5
-1.1534762,0,0.23985470686089458,791,4,3
-2.8011901,1,0.05725989696508218,623,1,1
-2.8940146,0,0.05245023727502269,120,1,1
-3.606353,1,0.026433009578640074,432,1,1
-3.6292017,1,0.025851335783808226,291,1,1
2.0063894,0,0.8814662913293015,38,9,9
-0.9794767,0,0.27299563208320776,651,4,3
-0.98053384,1,0.2727858713202398,3,4,3
1.0564961,0,0.7420203845553873,886,8,8
4.038365,1,0.9826790342118256,167,9,10
1.6059761,1,0.8328519717289311,300,8,9
-3.816274,1,0.021535665249601245,391,0,1
-2.6843588,1,0.06390263867547444,745,1,1
0.37420607,0,0.5924749199834466,520,6,6
-0.57714224,0,0.35959042927206486,806,5,4
-1.6903396,1,0.1557311892061219,231,3,2
0.6496042,0,0.6569212648028054,138,7,7
-1.4603264,0,0.18841740318707406,754,3,2
0.9282694,0,0.716724049628152,853,7,8
2.5065303,0,0.9245983511118445,144,9,10
-3.3269126,0,0.03465937918209014,65,1,1
0.48850703,1,0.619754664316186,881,7,7
3.7012873,1,0.9759032686675942,448,9,10
-2.3997333,1,0.08319303558350652,348,2,1
-1.5544143,1,0.17444962425033586,360,3,2
-0.56711364,1,0.3619031042330285,622,5,4
-3.5155537,0,0.02887290571830932,462,1,1
-0.5533955,0,0.36507698417758605,817,5,4
-1.0640728,0,0.25653189791835485,399,4,3
-0.5350044,1,0.3693504547256388,787,5,4
-2.4516904,0,0.07931501876277433,366,2,1
-3.5865648,1,0.026947047151056537,588,1,1
0.33810377,1,0.5837298328826358,199,6,6
-1.6232402,1,0.16475848716739025,86,3,2
-3.835006,0,0.021144462931817674,528,0,1
-2.487941,0,0.07670789461904581,254,2,1
